[
  { "code": "101", "name": "SAN JOSE" },
  { "code": "102", "name": "ESCAZU" },
  { "code": "103", "name": "DESAMPARADOS" },
  { "code": "104", "name": "PURISCAL" },
  { "code": "105", "name": "TARRAZU" },
  { "code": "106", "name": "ASERRI" },
  { "code": "107", "name": "MORA" },
  { "code": "108", "name": "GOICOECHEA" },
  { "code": "109", "name": "SANTA ANA" },
  { "code": "110", "name": "ALAJUELITA" },
  { "code": "111", "name": "VAZQUEZ DE CORONADO" },
  { "code": "112", "name": "ACOSTA" },
  { "code": "113", "name": "TIBAS" },
  { "code": "114", "name": "MORAVIA" },
  { "code": "115", "name": "MONTES DE OCA" },
  { "code": "116", "name": "TURRUBARES" },
  { "code": "117", "name": "DOTA" },
  { "code": "118", "name": "CURRIDABAT" },
  { "code": "119", "name": "PEREZ ZELEDON" },
  { "code": "120", "name": "LEON CORTES CASTRO" },
  { "code": "201", "name": "ALAJUELA" },
  { "code": "202", "name": "SAN RAMON" },
  { "code": "203", "name": "GRECIA" },
  { "code": "204", "name": "SAN MATEO" },
  { "code": "205", "name": "ATENAS" },
  { "code": "206", "name": "NARANJO" },
  { "code": "207", "name": "PALMARES" },
  { "code": "208", "name": "POAS" },
  { "code": "209", "name": "OROTINA" },
  { "code": "210", "name": "SAN CARLOS" },
  { "code": "211", "name": "ZARCERO" },
  { "code": "212", "name": "SARCHI" },
  { "code": "213", "name": "UPALA" },
  { "code": "214", "name": "LOS CHILES" },
  { "code": "215", "name": "GUATUSO" },
  { "code": "216", "name": "RIO CUARTO" },
  { "code": "301", "name": "CARTAGO" },
  { "code": "302", "name": "PARAISO" },
  { "code": "303", "name": "LA UNION" },
  { "code": "304", "name": "JIMENEZ" },
  { "code": "305", "name": "TURRIALBA" },
  { "code": "306", "name": "ALVARADO" },
  { "code": "307", "name": "OREAMUNO" },
  { "code": "308", "name": "EL GUARCO" },
  { "code": "401", "name": "HEREDIA" },
  { "code": "402", "name": "BARVA" },
  { "code": "403", "name": "SANTO DOMINGO" },
  { "code": "404", "name": "SANTA BARBARA" },
  { "code": "405", "name": "SAN RAFAEL" },
  { "code": "406", "name": "SAN ISIDRO" },
  { "code": "407", "name": "BELEN" },
  { "code": "408", "name": "FLORES" },
  { "code": "409", "name": "SAN PABLO" },
  { "code": "410", "name": "SARAPIQUI" },
  { "code": "501", "name": "LIBERIA" },
  { "code": "502", "name": "NICOYA" },
  { "code": "503", "name": "SANTA CRUZ" },
  { "code": "504", "name": "BAGACES" },
  { "code": "505", "name": "CARRILLO" },
  { "code": "506", "name": "CANAS" },
  { "code": "507", "name": "ABANGARES" },
  { "code": "508", "name": "TILARAN" },
  { "code": "509", "name": "NANDAYURE" },
  { "code": "510", "name": "LA CRUZ" },
  { "code": "511", "name": "HOJANCHA" },
  { "code": "601", "name": "PUNTARENAS" },
  { "code": "602", "name": "ESPARZA" },
  { "code": "603", "name": "BUENOS AIRES" },
  { "code": "604", "name": "MONTES DE ORO" },
  { "code": "605", "name": "OSA" },
  { "code": "606", "name": "QUEPOS" },
  { "code": "607", "name": "GOLFITO" },
  { "code": "608", "name": "COTO BRUS" },
  { "code": "609", "name": "PARRITA" },
  { "code": "610", "name": "CORREDORES" },
  { "code": "611", "name": "GARABITO" },
  { "code": "612", "name": "MONTEVERDE" },
  { "code": "613", "name": "PUERTO JIMENEZ" },
  { "code": "701", "name": "LIMON" },
  { "code": "702", "name": "POCOCI" },
  { "code": "703", "name": "SIQUIRRES" },
  { "code": "704", "name": "TALAMANCA" },
  { "code": "705", "name": "MATINA" },
  { "code": "706", "name": "GUACIMO" }
]
