[
  { "code": "10101", "name": "CARMEN" },
  { "code": "10102", "name": "MERCED" },
  { "code": "10103", "name": "HOSPITAL" },
  { "code": "10104", "name": "CATEDRAL" },
  { "code": "10105", "name": "ZAPOTE" },
  { "code": "10106", "name": "SAN FRANCISCO DE DOS RIOS" },
  { "code": "10107", "name": "URUCA" },
  { "code": "10108", "name": "MATA REDONDA" },
  { "code": "10109", "name": "PAVAS" },
  { "code": "10110", "name": "HATILLO" },
  { "code": "10111", "name": "SAN SEBASTIAN" },
  { "code": "10201", "name": "ESCAZU" },
  { "code": "10202", "name": "SAN ANTONIO" },
  { "code": "10203", "name": "SAN RAFAEL" },
  { "code": "10301", "name": "DESAMPARADOS" },
  { "code": "10302", "name": "SAN MIGUEL" },
  { "code": "10303", "name": "SAN JUAN DE DIOS" },
  { "code": "10304", "name": "SAN RAFAEL ARRIBA" },
  { "code": "10305", "name": "SAN ANTONIO" },
  { "code": "10306", "name": "FRAILES" },
  { "code": "10307", "name": "PATARRA" },
  { "code": "10308", "name": "SAN CRISTOBAL" },
  { "code": "10309", "name": "ROSARIO" },
  { "code": "10310", "name": "DAMAS" },
  { "code": "10311", "name": "SAN RAFAEL ABAJO" },
  { "code": "10312", "name": "GRAVILIAS" },
  { "code": "10313", "name": "LOS GUIDO" },
  { "code": "10401", "name": "SANTIAGO" },
  { "code": "10402", "name": "MERCEDES SUR" },
  { "code": "10403", "name": "BARBACOAS" },
  { "code": "10404", "name": "GRIFO ALTO" },
  { "code": "10405", "name": "SAN RAFAEL" },
  { "code": "10406", "name": "CANDELARITA" },
  { "code": "10407", "name": "DESAMPARADITOS" },
  { "code": "10408", "name": "SAN ANTONIO" },
  { "code": "10409", "name": "CHIRES" },
  { "code": "10501", "name": "SAN MARCOS" },
  { "code": "10502", "name": "SAN LORENZO" },
  { "code": "10503", "name": "SAN CARLOS" },
  { "code": "10601", "name": "ASERRI" },
  { "code": "10602", "name": "TARBACA" },
  { "code": "10603", "name": "VUELTA DE JORCO" },
  { "code": "10604", "name": "SAN GABRIEL" },
  { "code": "10605", "name": "LEGUA" },
  { "code": "10606", "name": "MONTERREY" },
  { "code": "10607", "name": "SALITRILLOS" },
  { "code": "10701", "name": "COLON" },
  { "code": "10702", "name": "GUAYABO" },
  { "code": "10703", "name": "TABARCIA" },
  { "code": "10704", "name": "PIEDRAS NEGRAS" },
  { "code": "10705", "name": "PICAGRES" },
  { "code": "10706", "name": "JARIS" },
  { "code": "10707", "name": "QUITIRRISI" },
  { "code": "10801", "name": "GUADALUPE" },
  { "code": "10802", "name": "SAN FRANCISCO" },
  { "code": "10803", "name": "CALLE BLANCOS" },
  { "code": "10804", "name": "MATA DE PLATANO" },
  { "code": "10805", "name": "IPIS" },
  { "code": "10806", "name": "RANCHO REDONDO" },
  { "code": "10807", "name": "PURRAL" },
  { "code": "10901", "name": "SANTA ANA" },
  { "code": "10902", "name": "SALITRAL" },
  { "code": "10903", "name": "POZOS" },
  { "code": "10904", "name": "URUCA" },
  { "code": "10905", "name": "PIEDADES" },
  { "code": "10906", "name": "BRASIL" },
  { "code": "11001", "name": "ALAJUELITA" },
  { "code": "11002", "name": "SAN JOSECITO" },
  { "code": "11003", "name": "SAN ANTONIO" },
  { "code": "11004", "name": "CONCEPCION" },
  { "code": "11005", "name": "SAN FELIPE" },
  { "code": "11101", "name": "SAN ISIDRO" },
  { "code": "11102", "name": "SAN RAFAEL" },
  { "code": "11103", "name": "DULCE NOMBRE DE JESUS" },
  { "code": "11104", "name": "PATALILLO" },
  { "code": "11105", "name": "CASCAJAL" },
  { "code": "11201", "name": "SAN IGNACIO" },
  { "code": "11202", "name": "GUAITIL" },
  { "code": "11203", "name": "PALMICHAL" },
  { "code": "11204", "name": "CANGREJAL" },
  { "code": "11205", "name": "SABANILLAS" },
  { "code": "11301", "name": "SAN JUAN" },
  { "code": "11302", "name": "CINCO ESQUINAS" },
  { "code": "11303", "name": "ANSELMO LLORENTE" },
  { "code": "11304", "name": "LEON XIII" },
  { "code": "11305", "name": "COLIMA" },
  { "code": "11401", "name": "SAN VICENTE" },
  { "code": "11402", "name": "SAN JERONIMO" },
  { "code": "11403", "name": "LA TRINIDAD" },
  { "code": "11501", "name": "SAN PEDRO" },
  { "code": "11502", "name": "SABANILLA" },
  { "code": "11503", "name": "MERCEDES" },
  { "code": "11504", "name": "SAN RAFAEL" },
  { "code": "11601", "name": "SAN PABLO" },
  { "code": "11602", "name": "SAN PEDRO" },
  { "code": "11603", "name": "SAN JUAN DE MATA" },
  { "code": "11604", "name": "SAN LUIS" },
  { "code": "11605", "name": "CARARA" },
  { "code": "11701", "name": "SANTA MARIA" },
  { "code": "11702", "name": "JARDIN" },
  { "code": "11703", "name": "COPEY" },
  { "code": "11801", "name": "CURRIDABAT" },
  { "code": "11802", "name": "GRANADILLA" },
  { "code": "11803", "name": "SANCHEZ" },
  { "code": "11804", "name": "TIRRASES" },
  { "code": "11901", "name": "SAN ISIDRO DE EL GENERAL" },
  { "code": "11902", "name": "EL GENERAL" },
  { "code": "11903", "name": "DANIEL FLORES" },
  { "code": "11904", "name": "RIVAS" },
  { "code": "11905", "name": "SAN PEDRO" },
  { "code": "11906", "name": "PLATANARES" },
  { "code": "11907", "name": "PEJIBAYE" },
  { "code": "11908", "name": "CAJON" },
  { "code": "11909", "name": "BARU" },
  { "code": "11910", "name": "RIO NUEVO" },
  { "code": "11911", "name": "PARAMO" },
  { "code": "12001", "name": "SAN PABLO" },
  { "code": "12002", "name": "SAN ANDRES" },
  { "code": "12003", "name": "LLANO BONITO" },
  { "code": "12004", "name": "SAN ISIDRO" },
  { "code": "12005", "name": "SANTA CRUZ" },
  { "code": "12006", "name": "SAN ANTONIO" },
  { "code": "20101", "name": "ALAJUELA" },
  { "code": "20102", "name": "SAN JOSE" },
  { "code": "20103", "name": "CARRIZAL" },
  { "code": "20104", "name": "SAN ANTONIO" },
  { "code": "20105", "name": "GUACIMA" },
  { "code": "20106", "name": "SAN ISIDRO" },
  { "code": "20107", "name": "SABANILLA" },
  { "code": "20108", "name": "SAN RAFAEL" },
  { "code": "20109", "name": "RIO SEGUNDO" },
  { "code": "20110", "name": "DESAMPARADOS" },
  { "code": "20111", "name": "TURRUCARES" },
  { "code": "20112", "name": "TAMBOR" },
  { "code": "20113", "name": "GARITA" },
  { "code": "20114", "name": "SARAPIQUI" },
  { "code": "20201", "name": "SAN RAMON" },
  { "code": "20202", "name": "SANTIAGO" },
  { "code": "20203", "name": "SAN JUAN" },
  { "code": "20204", "name": "PIEDADES NORTE" },
  { "code": "20205", "name": "PIEDADES SUR" },
  { "code": "20206", "name": "SAN RAFAEL" },
  { "code": "20207", "name": "SAN ISIDRO" },
  { "code": "20208", "name": "ANGELES" },
  { "code": "20209", "name": "ALFARO" },
  { "code": "20210", "name": "VOLIO" },
  { "code": "20211", "name": "CONCEPCION" },
  { "code": "20212", "name": "ZAPOTAL" },
  { "code": "20213", "name": "PENAS BLANCAS" },
  { "code": "20214", "name": "SAN LORENZO" },
  { "code": "20301", "name": "GRECIA" },
  { "code": "20302", "name": "SAN ISIDRO" },
  { "code": "20303", "name": "SAN JOSE" },
  { "code": "20304", "name": "SAN ROQUE" },
  { "code": "20305", "name": "TACARES" },
  { "code": "20307", "name": "PUENTE DE PIEDRA" },
  { "code": "20308", "name": "BOLIVAR" },
  { "code": "20401", "name": "SAN MATEO" },
  { "code": "20402", "name": "DESMONTE" },
  { "code": "20403", "name": "JESUS MARIA" },
  { "code": "20404", "name": "LABRADOR" },
  { "code": "20501", "name": "ATENAS" },
  { "code": "20502", "name": "JESUS" },
  { "code": "20503", "name": "MERCEDES" },
  { "code": "20504", "name": "SAN ISIDRO" },
  { "code": "20505", "name": "CONCEPCION" },
  { "code": "20506", "name": "SAN JOSE" },
  { "code": "20507", "name": "SANTA EULALIA" },
  { "code": "20508", "name": "ESCOBAL" },
  { "code": "20601", "name": "NARANJO" },
  { "code": "20602", "name": "SAN MIGUEL" },
  { "code": "20603", "name": "SAN JOSE" },
  { "code": "20604", "name": "CIRRI SUR" },
  { "code": "20605", "name": "SAN JERONIMO" },
  { "code": "20606", "name": "SAN JUAN" },
  { "code": "20607", "name": "EL ROSARIO" },
  { "code": "20608", "name": "PALMITOS" },
  { "code": "20701", "name": "PALMARES" },
  { "code": "20702", "name": "ZARAGOZA" },
  { "code": "20703", "name": "BUENOS AIRES" },
  { "code": "20704", "name": "SANTIAGO" },
  { "code": "20705", "name": "CANDELARIA" },
  { "code": "20706", "name": "ESQUIPULAS" },
  { "code": "20707", "name": "LA GRANJA" },
  { "code": "20801", "name": "SAN PEDRO" },
  { "code": "20802", "name": "SAN JUAN" },
  { "code": "20803", "name": "SAN RAFAEL" },
  { "code": "20804", "name": "CARRILLOS" },
  { "code": "20805", "name": "SABANA REDONDA" },
  { "code": "20901", "name": "OROTINA" },
  { "code": "20902", "name": "EL MASTATE" },
  { "code": "20903", "name": "HACIENDA VIEJA" },
  { "code": "20904", "name": "COYOLAR" },
  { "code": "20905", "name": "LA CEIBA" },
  { "code": "21001", "name": "QUESADA" },
  { "code": "21002", "name": "FLORENCIA" },
  { "code": "21003", "name": "BUENAVISTA" },
  { "code": "21004", "name": "AGUAS ZARCAS" },
  { "code": "21005", "name": "VENECIA" },
  { "code": "21006", "name": "PITAL" },
  { "code": "21007", "name": "LA FORTUNA" },
  { "code": "21008", "name": "LA TIGRA" },
  { "code": "21009", "name": "LA PALMERA" },
  { "code": "21010", "name": "VENADO" },
  { "code": "21011", "name": "CUTRIS" },
  { "code": "21012", "name": "MONTERREY" },
  { "code": "21013", "name": "POCOSOL" },
  { "code": "21101", "name": "ZARCERO" },
  { "code": "21102", "name": "LAGUNA" },
  { "code": "21103", "name": "TAPESCO" },
  { "code": "21104", "name": "GUADALUPE" },
  { "code": "21105", "name": "PALMIRA" },
  { "code": "21106", "name": "ZAPOTE" },
  { "code": "21107", "name": "BRISAS" },
  { "code": "21201", "name": "SARCHI NORTE" },
  { "code": "21202", "name": "SARCHI SUR" },
  { "code": "21203", "name": "TORO AMARILLO" },
  { "code": "21204", "name": "SAN PEDRO" },
  { "code": "21205", "name": "RODRIGUEZ" },
  { "code": "21301", "name": "UPALA" },
  { "code": "21302", "name": "AGUAS CLARAS" },
  { "code": "21303", "name": "SAN JOSE O PIZOTE" },
  { "code": "21304", "name": "BIJAGUA" },
  { "code": "21305", "name": "DELICIAS" },
  { "code": "21306", "name": "DOS RIOS" },
  { "code": "21307", "name": "YOLILLAL" },
  { "code": "21308", "name": "CANALETE" },
  { "code": "21401", "name": "LOS CHILES" },
  { "code": "21402", "name": "CANO NEGRO" },
  { "code": "21403", "name": "EL AMPARO" },
  { "code": "21404", "name": "SAN JORGE" },
  { "code": "21501", "name": "SAN RAFAEL" },
  { "code": "21502", "name": "BUENAVISTA" },
  { "code": "21503", "name": "COTE" },
  { "code": "21504", "name": "KATIRA" },
  { "code": "21601", "name": "RIO CUARTO" },
  { "code": "21602", "name": "SANTA RITA" },
  { "code": "21603", "name": "SANTA ISABEL" },
  { "code": "30101", "name": "ORIENTAL" },
  { "code": "30102", "name": "OCCIDENTAL" },
  { "code": "30103", "name": "CARMEN" },
  { "code": "30104", "name": "SAN NICOLAS" },
  { "code": "30105", "name": "AGUACALIENTE O SAN FRANCISCO" },
  { "code": "30106", "name": "GUADALUPE O ARENILLA" },
  { "code": "30107", "name": "CORRALILLO" },
  { "code": "30108", "name": "TIERRA BLANCA" },
  { "code": "30109", "name": "DULCE NOMBRE" },
  { "code": "30110", "name": "LLANO GRANDE" },
  { "code": "30111", "name": "QUEBRADILLA" },
  { "code": "30201", "name": "PARAISO" },
  { "code": "30202", "name": "SANTIAGO" },
  { "code": "30203", "name": "OROSI" },
  { "code": "30204", "name": "CACHI" },
  { "code": "30205", "name": "LLANOS DE SANTA LUCIA" },
  { "code": "30206", "name": "BIRRISITO" },
  { "code": "30301", "name": "TRES RIOS" },
  { "code": "30302", "name": "SAN DIEGO" },
  { "code": "30303", "name": "SAN JUAN" },
  { "code": "30304", "name": "SAN RAFAEL" },
  { "code": "30305", "name": "CONCEPCION" },
  { "code": "30306", "name": "DULCE NOMBRE" },
  { "code": "30307", "name": "SAN RAMON" },
  { "code": "30308", "name": "RIO AZUL" },
  { "code": "30401", "name": "JUAN VINAS" },
  { "code": "30402", "name": "TUCURRIQUE" },
  { "code": "30403", "name": "PEJIBAYE" },
  { "code": "30404", "name": "LA VICTORIA" },
  { "code": "30501", "name": "TURRIALBA" },
  { "code": "30502", "name": "LA SUIZA" },
  { "code": "30503", "name": "PERALTA" },
  { "code": "30504", "name": "SANTA CRUZ" },
  { "code": "30505", "name": "SANTA TERESITA" },
  { "code": "30506", "name": "PAVONES" },
  { "code": "30507", "name": "TUIS" },
  { "code": "30508", "name": "TAYUTIC" },
  { "code": "30509", "name": "SANTA ROSA" },
  { "code": "30510", "name": "TRES EQUIS" },
  { "code": "30511", "name": "LA ISABEL" },
  { "code": "30512", "name": "CHIRRIPO" },
  { "code": "30601", "name": "PACAYAS" },
  { "code": "30602", "name": "CERVANTES" },
  { "code": "30603", "name": "CAPELLADES" },
  { "code": "30701", "name": "SAN RAFAEL" },
  { "code": "30702", "name": "COT" },
  { "code": "30703", "name": "POTRERO CERRADO" },
  { "code": "30704", "name": "CIPRESES" },
  { "code": "30705", "name": "SANTA ROSA" },
  { "code": "30801", "name": "EL TEJAR" },
  { "code": "30802", "name": "SAN ISIDRO" },
  { "code": "30803", "name": "TOBOSI" },
  { "code": "30804", "name": "PATIO DE AGUA" },
  { "code": "40101", "name": "HEREDIA" },
  { "code": "40102", "name": "MERCEDES" },
  { "code": "40103", "name": "SAN FRANCISCO" },
  { "code": "40104", "name": "ULLOA" },
  { "code": "40105", "name": "VARABLANCA" },
  { "code": "40201", "name": "BARVA" },
  { "code": "40202", "name": "SAN PEDRO" },
  { "code": "40203", "name": "SAN PABLO" },
  { "code": "40204", "name": "SAN ROQUE" },
  { "code": "40205", "name": "SANTA LUCIA" },
  { "code": "40206", "name": "SAN JOSE DE LA MONTANA" },
  { "code": "40207", "name": "PUENTE SALAS" },
  { "code": "40301", "name": "SANTO DOMINGO" },
  { "code": "40302", "name": "SAN VICENTE" },
  { "code": "40303", "name": "SAN MIGUEL" },
  { "code": "40304", "name": "PARACITO" },
  { "code": "40305", "name": "SANTO TOMAS" },
  { "code": "40306", "name": "SANTA ROSA" },
  { "code": "40307", "name": "TURES" },
  { "code": "40308", "name": "PARA" },
  { "code": "40401", "name": "SANTA BARBARA" },
  { "code": "40402", "name": "SAN PEDRO" },
  { "code": "40403", "name": "SAN JUAN" },
  { "code": "40404", "name": "JESUS" },
  { "code": "40405", "name": "SANTO DOMINGO" },
  { "code": "40406", "name": "PURABA" },
  { "code": "40501", "name": "SAN RAFAEL" },
  { "code": "40502", "name": "SAN JOSECITO" },
  { "code": "40503", "name": "SANTIAGO" },
  { "code": "40504", "name": "ANGELES" },
  { "code": "40505", "name": "CONCEPCION" },
  { "code": "40601", "name": "SAN ISIDRO" },
  { "code": "40602", "name": "SAN JOSE" },
  { "code": "40603", "name": "CONCEPCION" },
  { "code": "40604", "name": "SAN FRANCISCO" },
  { "code": "40701", "name": "SAN ANTONIO" },
  { "code": "40702", "name": "LA RIBERA" },
  { "code": "40703", "name": "LA ASUNCION" },
  { "code": "40801", "name": "SAN JOAQUIN" },
  { "code": "40802", "name": "BARRANTES" },
  { "code": "40803", "name": "LLORENTE" },
  { "code": "40901", "name": "SAN PABLO" },
  { "code": "40902", "name": "RINCON DE SABANILLA" },
  { "code": "41001", "name": "PUERTO VIEJO" },
  { "code": "41002", "name": "LA VIRGEN" },
  { "code": "41003", "name": "LAS HORQUETAS" },
  { "code": "41004", "name": "LLANURAS DEL GASPAR" },
  { "code": "41005", "name": "CURENA" },
  { "code": "50101", "name": "LIBERIA" },
  { "code": "50102", "name": "CANAS DULCES" },
  { "code": "50103", "name": "MAYORGA" },
  { "code": "50104", "name": "NACASCOLO" },
  { "code": "50105", "name": "CURUBANDE" },
  { "code": "50201", "name": "NICOYA" },
  { "code": "50202", "name": "MANSION" },
  { "code": "50203", "name": "SAN ANTONIO" },
  { "code": "50204", "name": "QUEBRADA HONDA" },
  { "code": "50205", "name": "SAMARA" },
  { "code": "50206", "name": "NOSARA" },
  { "code": "50207", "name": "BELEN DE NOSARITA" },
  { "code": "50301", "name": "SANTA CRUZ" },
  { "code": "50302", "name": "BOLSON" },
  { "code": "50303", "name": "VEINTISIETE DE ABRIL" },
  { "code": "50304", "name": "TEMPATE" },
  { "code": "50305", "name": "CARTAGENA" },
  { "code": "50306", "name": "CUAJINIQUIL" },
  { "code": "50307", "name": "DIRIA" },
  { "code": "50308", "name": "CABO VELAS" },
  { "code": "50309", "name": "TAMARINDO" },
  { "code": "50401", "name": "BAGACES" },
  { "code": "50402", "name": "LA FORTUNA" },
  { "code": "50403", "name": "MOGOTE" },
  { "code": "50404", "name": "RIO NARANJO" },
  { "code": "50501", "name": "FILADELFIA" },
  { "code": "50502", "name": "PALMIRA" },
  { "code": "50503", "name": "SARDINAL" },
  { "code": "50504", "name": "BELEN" },
  { "code": "50601", "name": "CANAS" },
  { "code": "50602", "name": "PALMIRA" },
  { "code": "50603", "name": "SAN MIGUEL" },
  { "code": "50604", "name": "BEBEDERO" },
  { "code": "50605", "name": "POROZAL" },
  { "code": "50701", "name": "LAS JUNTAS" },
  { "code": "50702", "name": "SIERRA" },
  { "code": "50703", "name": "SAN JUAN" },
  { "code": "50704", "name": "COLORADO" },
  { "code": "50801", "name": "TILARAN" },
  { "code": "50802", "name": "QUEBRADA GRANDE" },
  { "code": "50803", "name": "TRONADORA" },
  { "code": "50804", "name": "SANTA ROSA" },
  { "code": "50805", "name": "LIBANO" },
  { "code": "50806", "name": "TIERRAS MORENAS" },
  { "code": "50807", "name": "ARENAL" },
  { "code": "50808", "name": "CABECERAS" },
  { "code": "50901", "name": "CARMONA" },
  { "code": "50902", "name": "SANTA RITA" },
  { "code": "50903", "name": "ZAPOTAL" },
  { "code": "50904", "name": "SAN PABLO" }
]
